točka,vrsta
Ablanca,vrh
Adam,vrh
Ajdna,vrh
Ajdovski gradec,vrh
Aljažev dom v Vratih,koča
Aljažev dom v Vratih,bivak
Aljažev dom v Vratih,cerkev
Alničje,vrh
Alpengasthof Siebenhütten,koča
Alpengasthof Siebenhütten,cerkev
Alpengasthof Siebenhütten,planina
Alpengasthof Siebenhütten,jezero
Ambrož pod Krvavcem,koča
Ambrož pod Krvavcem,cerkev
Ambrož pod Krvavcem,planina
Andrejev dom na Slemenu,koča
Andrejev vrh,vrh
Apnišče,vrh
Arihova peč / Arichwand,vrh
Baba,vrh
Basališče (Paški Kozjak),vrh
Batognica,vrh
Bavški Grintavec,vrh
Bazilika Marije Pomagaj na Brezjah,cerkev
Bašeljski vrh,vrh
Bedančev dom,koča
Begunjska Vrtača,vrh
Begunjski vrh,vrh
Begunjščica,vrh
Bela glava,vrh
Bela peč,vrh
Bela peč / Weiße Wand,vrh
Bela peč/Monte Bila pec,vrh
Bele peči (Lepi vrh),vrh
Belopotoški slap,slap
Belska planina,planina
Belska planina (Svečica),koča
Belska planina (Svečica),planina
Bezovec,vrh
Bezovec (Dobrovlje),vrh
Bistriška planina,sedlo
Bistriška planina,planina
Bistriška špica/Feistritzer Spitze,vrh
Bivak Bernardinis,bivak
Bivak Gorizia,bivak
Bivak Hlek,bivak
Bivak Marrusich,sedlo
Bivak Marrusich,bivak
Bivak Nogara,bivak
Bivak Stuparich,bivak
Bivak Suringar,bivak
Bivak Suška bajta,bivak
Bivak Tarvisio,sedlo
Bivak Tarvisio,bivak
Bivak Za Akom,bivak
Bivak brez meja / Bivacco Senza Confini,sedlo
Bivak brez meja / Bivacco Senza Confini,bivak
Bivak na Belščici,bivak
Bivak na Belščici,planina
Bivak na Jezerih,bivak
Bivak na Kalu,sedlo
Bivak na Kalu,koča
Bivak na Rušju,bivak
Bivak na Črniku,bivak
Bivak pod Grintovcem,bivak
Bivak pod Kotovim sedlom,bivak
Bivak pod Luknjo,bivak
Bivak pod Mrzlim vrhom,bivak
Bivak pod Muzcem,sedlo
Bivak pod Muzcem,bivak
Bivak pod Skuto,bivak
Bivak pod Špikom,koča
Bivak pod Špikom,bivak
Bivak v Kočni,bivak
Blejska koča na Lipanci,koča
Blejska koča na Lipanci,planina
Blejski grad,
Blekova planina,sedlo
Blekova planina,bivak
Blekova planina,planina
Bogatin,vrh
Borovje,vrh
Borovski vrh (Žehtar) / Sechter,vrh
Boršt,vrh
Boskovec,vrh
Bovški Gamsovec,vrh
Boč,
Božičev vrh / Boschitzberg,vrh
Brana,vrh
Brda,vrh
Brdo (Plezališče pod Golico),vrh
Brezje / Montemaggiore,
Brezovec,vrh
Breška planina,planina
Breški Jalovec / Punta di Montemaggiore,vrh
Briceljk,vrh
Bukovec,vrh
Celovška koča / Klagenfurter Hutte,koča
Celovška koča / Klagenfurter Hutte,planina
Cesar,vrh
Ciprnik,vrh
Cjajnik / Lärchenturm,vrh
Cjanovca,vrh
Cmir,vrh
Cojzova koča na Kokrskem sedlu,sedlo
Cojzova koča na Kokrskem sedlu,koča
Cojzova koča na Kokrskem sedlu,bivak
Debela peč,vrh
Debeli vrh,vrh
Debeli vrh nad Lipanco,vrh
Deska (Veža),vrh
Dleskovec,vrh
Dobra gora,vrh
Dobrča,vrh
Dolgi hrbet,vrh
Dolina Škratov,
Dolkova špica,vrh
Dom Petra Skalarja na Kaninu,koča
Dom Planika pod Triglavom,koča
Dom Pristava v Javorniškem Rovtu,koča
Dom Valentina Staniča pod Triglavom,koča
Dom Valentina Staniča pod Triglavom,bivak
Dom na Boču,koča
Dom na Boču,cerkev
Dom na Dobrovljah,koča
Dom na Gospincu,koča
Dom na Gospincu,planina
Dom na Kališču,koča
Dom na Kisovcu,koča
Dom na Kisovcu,planina
Dom na Kofcah,koča
Dom na Kofcah,cerkev
Dom na Kofcah,planina
Dom na Komni,koča
Dom na Krvavcu,koča
Dom na Krvavcu,planina
Dom na Lovrencu (Bašelj),koča
Dom na Matajure,koča
Dom na Menini planini,koča
Dom na Menini planini,cerkev
Dom na Menini planini,planina
Dom na Okrešlju,koča
Dom na Okrešlju,bivak
Dom na Okrešlju,planina
Dom na Paškem Kozjaku,koča
Dom na Peci,koča
Dom na Smrekovcu,koča
Dom na Tromeji,koča
Dom na Uršlji gori,koča
Dom na Uršlji gori,cerkev
Dom na Zelenici,koča
Dom na Čreti,koča
Dom na Čreti,cerkev
Dom planincev Farbanca,koča
Dom pod Storžičem,koča
Dom pri Krnskih jezerih,koča
Dom pri Krnskih jezerih,bivak
Dom v Dragi,koča
Dom v Kamniški Bistrici,koča
Dom v Kamniški Bistrici,cerkev
Dom v Kamniški Bistrici,jezero
Dom v Tamarju,koča
Dom v Tamarju,cerkev
Dom v Tamarju,planina
Dom Čemšenik,koča
Domžalski dom na Mali planini,koča
Domžalski dom na Mali planini,planina
Donačka gora,vrh
Doslovška planina,planina
Dovška Baba,vrh
Dovška Mala Kepa,vrh
Dovški križ,vrh
Dravh,vrh
Draški rob,vrh
Dreiländereck Hütte,sedlo
Dreiländereck Hütte,koča
Dreiländereck Hütte,planina
Drobeče Sleme,vrh
Dve špici/Due Pizzi,vrh
Erjavčev rovt (Planina Mlinca),planina
Erjavčeva koča na Vršiču,koča
Eva,vrh
Florjanka / Monte Florianca,vrh
Florjanka / Monte Florianca,jezero
Formila na Boču,
Frdamane police,vrh
Fričev vrh,vrh
Frčkova planina,planina
Gabrovec,vrh
Galetovec,vrh
Gank,vrh
Glava v Zaplanji,vrh
Glave,vrh
Gogalova lipa,
Golarjeva peč,vrh
Goli vrh,vrh
Goli vrh (Šavnice),vrh
Golica,vrh
Goličica,vrh
Gomiščkovo zavetišče na Krnu,koča
Gomiščkovo zavetišče na Krnu,bivak
Gonžarjeva peč,vrh
Gora Oljka,vrh
Gora Oljka,koča
Gora Oljka,cerkev
Gora sv. Eme (Junska gora) / Hemmaberg,vrh
Gora sv. Eme (Junska gora) / Hemmaberg,cerkev
Gorejca,slap
Gostišče Zeleni Rob,koča
Gostišče Zeleni Rob,planina
Govca (Olševa),vrh
Govševa planina,planina
Grad Gutenberk (Hudi grad),vrh
Grad Kamen,
Grad Konjice,vrh
Grad Lindek,vrh
Grad Velenje,vrh
Grad Žovnek,vrh
Gradišče (Bodešče),vrh
Gradišče (Pustinjak),vrh
Gradišče (Velika planina),vrh
Gradišče (Velika planina),planina
Gradišče nad Sotesko (Soteska),vrh
Gradovec,vrh
Grančišče,vrh
Grebenc,vrh
Gregorčičev slap,slap
Grilova kapela na Boču,cerkev
Grintovec,vrh
Grlovec / Ferlacher Horn,vrh
Grmada (Dobrovlje),vrh
Grpišca,vrh
Grušnica,vrh
Gubno,vrh
Gubno,vrh
Hajnžev Praprotnik / Zeller Prapotnik,vrh
Hajnževo sedlo,sedlo
Hofovška planina / Hoffmansalpe,planina
Hom (nad Prevaljami),vrh
Hom pri Bledu,vrh
Hotel Golte,koča
Hotel Golte,planina
Hotel Krvavec,koča
Hotel Krvavec,planina
Hotunjski vrh,vrh
Hrašenska planina,planina
Hribarska (Huda) zijalka,
Hruška planina,koča
Hruška planina,planina
Hruški vrh,vrh
Humčič,
Icmanikova planina,sedlo
Icmanikova planina,planina
Idrska planina,planina
Iglica,vrh
Iglica,slap
Ingotova koča na planini Jesenje,koča
Ingotova koča na planini Jesenje,cerkev
Ingotova koča na planini Jesenje,planina
Italijanska vojaška kapela na Planici,cerkev
Izletniška kmetija Bukovc (Bukovnik),koča
Izletniška kmetija Bukovc (Bukovnik),planina
Izvir Bele,
Izvir Bistrice,slap
Izvir Boke,
Izvir Glijuna,
Izvir Javornika,jezero
Izvir Lipnika,
Izvir Nadiže,slap
Izvir Sotle,
Izvir Soče,slap
Izvir Tolminke,planina
Izvir reke Meže,
Jalovec,vrh
Jalovnik,vrh
Jama Srnica,
Jamarski bivak na Dleskovški planoti,bivak
Jamna peč,
Jamnikov spodmol,
Jarški dom na Mali planini,koča
Jarški dom na Mali planini,planina
Javor (nad Tolminskimi Ravnami),vrh
Javorca,cerkev
Javorca,planina
Javorca (Golte),planina
Javornik nad Jezerskim,vrh
Javorniški slapovi,slap
Javorov vrh,vrh
Javorov vrh (Pokljuka),vrh
Javoršček,vrh
Jehlc (Špičasta kupa),vrh
Jelenkamen,vrh
Jelovec,vrh
Jenkova planina,sedlo
Jenkova planina,planina
Jerebica,vrh
Jerebikovec,vrh
Jerebikovec,bivak
Jerebikovec,vrh
Jesenik,vrh
Jeseniška planina,planina
Jezerce v dolini Radovne,jezero
Jezero Jasna,koča
Jezero Jasna,jezero
Jezero Kreda,jezero
Jezero Kreda v dolini Radovne,jezero
Jezero Završnica,jezero
Jezero pri Čežov,jezero
Jezero v Ledvicah,jezero
Jezero v Lužnici,jezero
Jezerska Kočna,vrh
Jezerska planina / Alpe del Lago,planina
Jezerski Stog,vrh
Jureževa planina,planina
Kal,vrh
Kališje,vrh
Kalvarija nad Jesenicami,vrh
Kalška gora,vrh
Kalški greben,vrh
Kamnati vrh,vrh
Kamnek,vrh
Kamnica (Komnica) / Ferlacher Spitze,vrh
Kamniti lovec / Cima del Cacciatore,vrh
Kamnitnik,vrh
Kamniška koča na Kamniškem sedlu,sedlo
Kamniška koča na Kamniškem sedlu,koča
Kamniška koča na Kamniškem sedlu,bivak
Kamniški Dedec,vrh
Kamniški vrh,vrh
Kamniški vrh,bivak
Kanjavec,vrh
Kanjavec (Zahodni vrh),vrh
Kapela Marije Snežne (Velika planina),vrh
Kapela Marije Snežne (Velika planina),cerkev
Kapela Marije Snežne (Velika planina),planina
Kapelica na Molički planini,sedlo
Kapelica na Molički planini,koča
Kapelica na Molički planini,cerkev
Kapelica na Molički planini,planina
Kapelica sv. Barbare na Pejcah,cerkev
Kapelška koča / Eisenkappler Hütte,koča
Kapelška koča / Eisenkappler Hütte,planina
Kašna planina,planina
Kepa,vrh
Klatnica ,
Klek,vrh
Klečica,vrh
Knezova planina,planina
Knezova planina (Planina Bela peč),sedlo
Knezova planina (Planina Bela peč),planina
Kobala,vrh
Kobilja glava,vrh
Kobla,vrh
Kocbekov dom na Korošici,koča
Kocbekov dom na Korošici,bivak
Kocbekov dom na Korošici,planina
Kofce gora,vrh
Kogel,vrh
Kokrska Kočna,vrh
Kol,vrh
Komen,vrh
Komen,cerkev
Kompotela,vrh
Konj,vrh
Konjc,vrh
Konjski vrh,vrh
Končnikov vrh,vrh
Kopa (Belska Kopa),vrh
Kopa (Partizanski vrh),vrh
Kopa / Monte Coppa,vrh
Kopica,vrh
Koprivnjak / Kleiner Frauenkogel,vrh
Kordeževa glava (Peca),vrh
Korita Mlinarice,slap
Korita Možnice (Nemčlje),slap
Korita Soče pri Kršovcu,
Koritni vrh (Velika planina),vrh
Korošaški slapovi,slap
Koroška Rinka (Križ),vrh
Kosijev dom na Vogarju,koča
Kosijev dom na Vogarju,planina
Kosmatica / Kosmatitza,vrh
Kota 1313,vrh
Kotovo sedlo,sedlo
Kovačičeva glava,vrh
Kovinarska koča v Krmi,koča
Kovinarska koča v Krmi,planina
Kozjek,vrh
Kozji vrh,vrh
Kozlov rob,vrh
Koča Berta / Bertahütte,koča
Koča Pr Zdravc,koča
Koča Vrtača,koča
Koča na Dobrči,koča
Koča na Doliču,sedlo
Koča na Doliču,koča
Koča na Golici,koča
Koča na Golici,planina
Koča na Gozdu,koča
Koča na Grohatu,koča
Koča na Grohatu,planina
Koča na Klemenči jami,koča
Koča na Klemenči jami,planina
Koča na Kriški gori,koča
Koča na Ljubelju,sedlo
Koča na Ljubelju,koča
Koča na Loki pod Raduho,koča
Koča na Loki pod Raduho,cerkev
Koča na Loki pod Raduho,planina
Koča na Naravskih ledinah,koča
Koča na Petrovem Brdu,sedlo
Koča na Petrovem Brdu,koča
Koča na Planini pri Jezeru,koča
Koča na Planini pri Jezeru,bivak
Koča na Planini pri Jezeru,planina
Koča na Planini pri Jezeru,jezero
Koča na Soriški planini,koča
Koča na Soriški planini,planina
Koča na Travniku,koča
Koča na Travniku,bivak
Koča na Travniku,planina
Koča na Treh plotih,sedlo
Koča na Treh plotih,koča
Koča na Treh plotih,jezero
Koča na Uskovnici,koča
Koča na Uskovnici,cerkev
Koča na Uskovnici,planina
Koča na Vojah,koča
Koča na planini Kuhinja,koča
Koča na planini Kuhinja,planina
Koča na planini Preval-a,koča
Koča na planini Preval-a,planina
Koča na planini Razor,koča
Koča na planini Razor,bivak
Koča na planini Razor,planina
Koča na planini Stador,koča
Koča na planini Stador,planina
Koča nad Arihovo pečjo /  Rossalmhütte,koča
Koča nad Arihovo pečjo /  Rossalmhütte,planina
Koča pod Bogatinom,koča
Koča pod Bogatinom,planina
Koča pod Košuto / Koschutahaus,koča
Koča pri Peričniku,koča
Koča pri Savici,koča
Koča pri Triglavskih jezerih,koča
Koča pri Triglavskih jezerih,bivak
Koča pri Triglavskih jezerih,jezero
Koča pri izviru Završnice,koča
Koča pri izviru Završnice,planina
Koča v Krnici,koča
Koštrunove špice,vrh
Košutica,vrh
Košutna,vrh
Košutnikov turn,vrh
Koželj,vrh
Kraguljše,vrh
Krajnikov grad,vrh
Kraljevska špica/Monte Re,vrh
Kranjska Rinka,vrh
Kranjska koča na Ledinah,koča
Kranjska koča na Ledinah,bivak
Kranjska reber,vrh
Krasji vrh,vrh
Kravja Črna gora,vrh
Kravji vrh / Kuhberg,vrh
Kreda,vrh
Kredarica,vrh
Kres nad Kočno,vrh
Kresišče,vrh
Krevl,vrh
Kriva jelka,bivak
Kriška planina,koča
Kriška planina,planina
Kriški rob,vrh
Križ,vrh
Križevnik,vrh
Krn,vrh
Krnes,vrh
Krničarjeva koča na planini Javornik,planina
Krnsko jezero,planina
Krnsko jezero,jezero
Krnčica,vrh
Krofička,vrh
Krsteniški Stog,vrh
Krvavec,vrh
Krvavka,vrh
Kržišče (Pokovše),vrh
Kser,vrh
Kukova špica,vrh
Kumlehova glava,vrh
Kunšperski vrh (Brezovec),vrh
Kup,vrh
Kurji vrh,vrh
Kušpergarjev turn (Kušpergarjevi turni),vrh
Lajnar,vrh
Lanež,vrh
Lanževica,vrh
Lastovec,vrh
Ledinski vrh,vrh
Lengarjeva glava,vrh
Lepenatka,vrh
Lešanska planina,koča
Lešanska planina,planina
Leški cerkvi,cerkev
Licjanovec,vrh
Lindeški slap,slap
Lipanski vrh,vrh
Lipenšči hrib,vrh
"Lipševa vrata (Vrata, Felsentore)",
Logarska peč,vrh
Logje,planina
Lokovnikov Grintovec / Grintoutz,vrh
Lomek (Lom),vrh
Lopa,vrh
Lopatnik,vrh
Lopič / Monte Plauris,
Lovska koča Bala,
Lovska koča Na Utrci,
Lovska koča Stanič,planina
Lovska koča na Brvogih,
Lovska koča na Glinu,vrh
Lovska koča nad Doslovško planino,
Lovska koča Črnevka,
Lovska koča Štepih,
Lovčev bivak Pri Koucah,
Luknja,sedlo
Lučka Brana (Baba),vrh
Lučki Dedec,vrh
Macesnovec,vrh
Macna / Matzen,vrh
Mahavšček,vrh
Mala Boka,
Mala Boncla (Bavha),vrh
Mala Golica,vrh
Mala Košuta,vrh
Mala Martuljška Ponca,vrh
Mala Mojstrovka,vrh
Mala Ojstrica,vrh
Mala Osojnica,vrh
Mala Peca,vrh
Mala Poljana,koča
Mala Poljana,planina
Mala Ponca,vrh
Mala Raduha,vrh
Mala Rinka,vrh
Mala Rodica,vrh
Mala Tičarica,vrh
Mala Zelnarica,vrh
Malga Cuarnan,koča
Mali Draški vrh,vrh
Mali Grintovec,vrh
Mali Javornik,vrh
Mali Kanin,vrh
Mali Karman / Monte Cuarnan,
Mali Ozebnik,vrh
Mali Raskovec,vrh
Mali Rogatec (Mali Rogac),vrh
Mali Travnik,vrh
Mali Triglav,vrh
Mali slap Kozjak,slap
Mali vrh,vrh
Mali vrh nad Završnico,vrh
Mali Šmohor,vrh
Malnež,vrh
Malo Kladivo,vrh
Malo Špičje,vrh
Maloško poldne / Mallestiger Mittagskogel,vrh
Mangart,vrh
Mangartska koča na Mangartskem sedlu,koča
Mangartska planina,planina
Marija Snežna (Kavalar) / Madonna della Neve,cerkev
Marija Snežna (Kavalar) / Madonna della Neve,planina
Marija Snežna v Breginjskem kotu,vrh
Marija Snežna v Breginjskem kotu,cerkev
Markljev Rovt,planina
Matajur,vrh
Matajur,cerkev
Matajurski vrh,vrh
Matkov kot,
Matkova kopa,vrh
Mačenski vrh / Matschacher Gupf,vrh
Medvedjak,vrh
Meja,vrh
Mejnik,vrh
Mesnovec,vrh
Mešenik,vrh
Mihov dom na Vršiču,koča
Mihčeva kopišča,planina
Mirca,vrh
Mišelj vrh,vrh
Mišeljski Konec,vrh
Mladinski izobraževalni center v Bavšici,planina
Mojstrovica,vrh
Mojčin dom na Vitrancu,koča
Mokrica,vrh
Mokrišče Blata,
Molička peč,vrh
Montaž / Jôf di Montasio,vrh
Morbegna,
Mornova zijalka,
Mozirska koča na Golteh,koča
Močnikova planina,planina
Možic,vrh
Mrežce,vrh
Mrzla gora,vrh
Mrzli vrh (na Matajurju),vrh
Mrzli vrh nad planino Pretovč,vrh
Murijeva planina,planina
Murnovc,vrh
Muzec (Musc),vrh
Na Križu (Kokrska Kočna),vrh
Na Možeh,vrh
Na Pečeh,vrh
Na pečeh pri Črnem Vrhu,vrh
Najvišji rob (Zeleniške špice),vrh
Nemške glave,vrh
Nizki vrh ,vrh
Novi grad (Pusti grad),vrh
Obel kamen (Olševa),vrh
Obirska planina,planina
Ogradi,vrh
Ojstra / Oistra,vrh
Ojstrc / Hochobir,vrh
Ojstri vrh (nad Prevalo),vrh
Ojstrica,vrh
Okrepčevalnica Slap Voje,koča
Okroglež,vrh
Orlove glave,vrh
Orlovo gnezdo (Slap Rinka),koča
Orlovo gnezdo (Slap Rinka),slap
Orožnova koča na planini za Liscem,koča
Orožnova koča na planini za Liscem,planina
Ostra peč / Mallestiger Mittagskogel,vrh
Ostrica,vrh
Ovča koča,planina
Ovčji vrh (Kozjak) / Geissberg (Kosiak),vrh
Ožarjeni kamen,
Palec,vrh
Partizanska bolnica Krtina,
Partizanska bolnica Mrzle vode,
Partizanska bolnica na Formili/Boču,
Partizanska bolnišnica na Mežakli,
Petelinjek (nad Korenskim sedlom),vrh
Peč (Tromeja),vrh
Peč (razgledišče),vrh
Pečovnik,vrh
Pečovnik (kota 1668),vrh
Pihavec,vrh
Pikov vrh,vrh
Plakopec (Brezejec),vrh
Planica,vrh
Planica (vzletišče Gozd),vrh
Planica pod Krnom,vrh
Planina Arta,planina
Planina Bala,planina
Planina Blatce,planina
Planina Blato,planina
Planina Dedno Polje,planina
Planina Dobrenjščica,planina
Planina Dol,planina
Planina Dolga njiva,planina
Planina Dolga njiva (Krvavec),planina
Planina Dolga trata,bivak
Planina Dolga trata,planina
Planina Dolžanka,planina
Planina Dovška Rožca,koča
Planina Dovška Rožca,planina
Planina Goričica,planina
Planina Gorjuda,bivak
Planina Gorjuda,planina
Planina Govnjač,planina
Planina Ilovec,planina
Planina Ilovica,planina
Planina Javorje,planina
Planina Javornik,planina
Planina Jezerca,planina
Planina Jezerce,planina
Planina Jezerce,jezero
Planina Kališče,planina
Planina Kladje / Quadiaalm,planina
Planina Klek,planina
Planina Konjščica,koča
Planina Konjščica,planina
Planina Konjščica (Velika planina),planina
Planina Koren,planina
Planina Korošica,koča
Planina Korošica,planina
Planina Košutna,cerkev
Planina Košutna,planina
Planina Krnica,planina
Planina Krstenica,planina
Planina Laška seč,planina
Planina Leskovca,planina
Planina Lom,sedlo
Planina Lom,planina
Planina Lopučnica,planina
Planina Luža,sedlo
Planina Luža,planina
Planina Mali Travnik,planina
Planina Marjanine njive,planina
Planina Medrja,planina
Planina Možine,planina
Planina Obranica,koča
Planina Obranica,planina
Planina Osredek,planina
Planina Osredki,bivak
Planina Osredki,planina
Planina Ovčarija,planina
Planina Planinca,koča
Planina Planinca,planina
Planina Podvežak,planina
Planina Poljana,planina
Planina Polšak,planina
Planina Pretovč,sedlo
Planina Pretovč,planina
Planina Pungrat,planina
Planina Ravna,bivak
Planina Ravna,cerkev
Planina Ravna,planina
Planina Ravne,planina
Planina Ravne,planina
Planina Ravni,planina
Planina Rep (Repija),planina
Planina Rožca / Roschitzaalm,planina
Planina Rzenik,planina
Planina Rčitno,planina
Planina Seča,sedlo
Planina Seča,planina
Planina Sleme,sedlo
Planina Sleme,planina
Planina Spodnja Dolga njiva,koča
Planina Spodnja Dolga njiva,planina
Planina Spodnja Grintovica,planina
Planina Spodnja Konjščica,planina
Planina Stamare,planina
Planina Strehica,planina
Planina Suha,planina
Planina Travnik,planina
Planina Viševnik,koča
Planina Viševnik,planina
Planina Vodični vrh,planina
Planina Vodol,planina
Planina Vodole,planina
Planina Za skalo,planina
Planina Za Črno goro,planina
Planina Zadnji Vogel,planina
Planina Zagreben,planina
Planina Zajamniki,koča
Planina Zajamniki,planina
Planina Zajavornik,planina
Planina Zali potok,planina
Planina Zaprikraj,planina
Planina Zgornja Dolga njiva,planina
Planina Zgornja Grintovica,planina
Planina Zgornja Konjščica,sedlo
Planina Zgornja Konjščica,planina
Planina Zgornja Krma,planina
Planina Zgornja Luža,planina
Planina na Kalu,bivak
Planina na Kalu,planina
Planina na Polju,planina
Planina nad Sočo,planina
Planina pod Mišelj vrhom,planina
Planina pod Mišelj vrhom,jezero
Planina v Lazu,planina
Planina v Plazeh,sedlo
Planina v Plazeh,planina
Planina v Prodih,planina
Planina za Jamo,planina
Planina za Migovcem,planina
Planina za Šavnikom,bivak
Planina za Šavnikom,planina
Planina Črča,planina
Planinska koča Iskra na Jakobu,koča
Planinska koča Iskra na Jakobu,cerkev
Planinska koča Merjasec,koča
Planinska koča Velikonočnica,koča
Planinska koča pri Franciju,koča
Planinski dom Milana Šinkovca,koča
Planinski dom na kmetiji Kumer,koča
Planinski dom Šentjungert,vrh
Planinski dom Šentjungert,koča
Planinski dom Šentjungert,cerkev
Planinsko zavetišče Slatna,koča
Planja,vrh
Planja (nad Mangartsko planino),vrh
Planjava,vrh
Planjava pri Kamniškem vrhu,vrh
Plaski Vogel,vrh
Plesišče,vrh
Plesnikova planina,planina
Pleče,vrh
Plešivec,vrh
Plešivec,vrh
Plešivec (Loška stena),vrh
Plešivška kopa (Kozarnica),vrh
Podgorska planina / Maria Elender Alm,planina
Podkanjski slap / Wildensteiner Wasserfall,slap
Podrta gora,vrh
Pogačnikov dom na Kriških podih,vrh
Pogačnikov dom na Kriških podih,koča
Pogačnikov dom na Kriških podih,bivak
Poglejska cerkev,
Pogorevc,vrh
Pokljuška soteska (luknja),
Poldašnja špica/Jof di Miezegnot,vrh
Police,vrh
Poljanska baba,vrh
Poljanski rob,vrh
Poljanski rob,planina
Poljanski vrh,vrh
Polna peč,vrh
Poprovec,vrh
Potočka zijalka,
Potočnikova planina,planina
Potoška gora,vrh
Potoška planina,koča
Potoška planina,planina
Potoški Stol,vrh
Povšnarjeva planina,planina
Počitniški dom v Možnici,koča
Počitniški dom v Možnici,bivak
Počka (Robnikova) planina,planina
Poštarski dom na Vršiču,koča
Poštarski dom pod Plešivcem,koča
Požar,vrh
Požgana Mlinarica,vrh
Požgani rob,vrh
Praprotnikova koča,
Prednje Robičje,vrh
Prestreljenik,vrh
Prestreljeniško okno,
Prevala,sedlo
Prevala,planina
Prevalski Stog,vrh
Prešernova koča na Stolu,vrh
Prešernova koča na Stolu,koča
Prgozdnik,vrh
Pri Banderi,vrh
Pri Pastirjih,bivak
Pri Pastirjih,planina
Pri treh macesnih,
Prisank / Prisojnik,vrh
Pristovški Storžič / Kärntner Storschitz,vrh
Prvi Vogel,vrh
Pršivec,vrh
Psinski vrh / Sinacher Gupf ,vrh
Ptičji vrh,vrh
Pungartska gora,vrh
Pusti Rovt,planina
RIS Dolina (Dovžanova soteska),
Radojč,vrh
Ramšakov vrh,vrh
Raskovec,vrh
Razor,vrh
Račka vrata,
Rdeči rob,vrh
Rekaršica,sedlo
Ribenska gora,vrh
Rifugio Brunner,koča
Rifugio Cinque Punte,bivak
Rifugio Corsi,koča
Rifugio Gilberti,koča
Rifugio Grego,koča
Rifugio Pellarini,koča
Rifugio Zacchi,koča
Rifugio di Brazza,koča
Rifugio di Brazza,bivak
Rigeljc,vrh
Rigljica,vrh
Rio Bianco / Beli potok,slap
Rjavca / Rjautza,vrh
Rjavina,vrh
Rjavo jezero,jezero
Rjavčki vrh (Planinšca),vrh
Robanova planina,planina
Robič,vrh
Roblekov dom na Begunjščici,koča
Roblekov dom na Begunjščici,bivak
Roblekov dom na Begunjščici,planina
Roblekova planina,sedlo
Roblekova planina,planina
Rodica,vrh
Rogljica,vrh
Rokov vrh / Rochusberg,vrh
Rombon,vrh
Rovt Vrse,planina
Rožca,sedlo
Rožca,planina
Rudijev dom na Donački gori,koča
Rudnica,vrh
Ruska kapelica,cerkev
Rutarski Vršič,vrh
Ruš,vrh
Rušnata Mlinarica,vrh
Rušnata glava,vrh
Rušnati vrh,vrh
Rušni vrh,vrh
Rzenik,vrh
Rž,vrh
Sankaška koča,koča
Sebenje,
Senčnica Josipine Turnograjske,vrh
Setiče/Freiberg,vrh
Sevčnik,vrh
Skala,vrh
Skalni vrh (Vodemla),vrh
Skubrov vrh,vrh
Skuta,vrh
Skutman,vrh
Skutnik /Monte Guarda,vrh
Skutnik/Torre Guarda,vrh
Slap Beri,slap
Slap Boka,slap
Slap Mostnice,slap
Slap Orglice,slap
Slap Palenk,slap
Slap Parabola,jezero
Slap Parabola,slap
Slap Peračica,jezero
Slap Peračica,slap
Slap Peričnik - spodnji slap,slap
Slap Peričnik - zgornji slap,slap
Slap Savica,jezero
Slap Savica,slap
Slap Slatenik,slap
Slap Sopota (Soupat),slap
Slap Suha,slap
Slap Virje,jezero
Slap Virje,slap
Slap Zaročenca,slap
Slap pod Gozdašnico,slap
Slap pod Kurico,slap
Slap Čedca,slap
Slap Šum v Blejskem Vintgarju,slap
Slapišče pod Kalvarijo,slap
Slapovi Dobršnik,slap
Slapovi v Preski,slap
Slatna,vrh
Slatnik (jugovzhodni vrh),vrh
Slatnik (severozahodni vrh),vrh
Sleme,vrh
Slemenova špica,vrh
Slemenova špica,planina
Smodivnik,vrh
Smokuški vrh,vrh
Smolnik,vrh
Smolnik,vrh
Smrekovec,vrh
Smučarski dom Črni vrh,koča
Snežna jama na Mežakli,
Snežnik (nad Koprivno),vrh
Soteska Čepa/Tscheppaschlucht,
Sovna glava,vrh
Speleološki bivak Modonutti - Savoia,sedlo
Speleološki bivak Modonutti - Savoia,bivak
Spodnja Vrbanova špica,vrh
Spodnje Kriško jezero,jezero
Spodnje Mangartsko jezero,koča
Spodnje Mangartsko jezero,jezero
Spodnji Goreljek (Pokljuka),planina
Spodnji Martuljkov slap,slap
Spodnji Plot,vrh
Spodnji Rokav,vrh
Spodnji Stenar,vrh
Spominska plošča Jožeta Rozmana,
Spominsko obeležje Aleš Kunaver,
Srednja Ponca,vrh
Srednja peč,vrh
Srednji Selišnik,vrh
Srednji Vogel,vrh
Srednji vrh,vrh
Srednji vrh,vrh
Srednji vrh (na Matajurju),vrh
Srednji vrh (nad Završnico),vrh
Srnjak,koča
Stadorski Orliči,vrh
Stara gora / Altberg,vrh
Stara koča na Kaninu,
Stegovnik,vrh
Stegovniški slap,slap
Stenar,vrh
Stenica,vrh
Stol,vrh
Stol (Julijske Alpe),vrh
Stolpnik,vrh
Storžek,vrh
Storžič,vrh
Strana,vrh
Straža ,vrh
Strelovec,vrh
Strma peč / Monte Cimone,vrh
Strug,vrh
Struška,vrh
Studeniški grad,
Studor,vrh
Studor,planina
Studor,jezero
Studorski preval,sedlo
Suha Rodica (Novi vrh),vrh
Suhi vrh,vrh
Sv. Mihael (Rute (Zavrh)) / St. Michael (Bärental),cerkev
Sv. Miklavž nad Mačami,cerkev
Sv. Peter in Pavel (Perati),cerkev
Svačica,vrh
Sveta Ana (Ljubelj),cerkev
Sveta Ana (Macna) / St. Anna (Matzen),cerkev
Sveta Ana (Tunjice),vrh
Sveta Ana (Tunjice),cerkev
Sveta Ana v Koprivni,cerkev
Sveta Barbara v Zagradu,vrh
Sveta Barbara v Zagradu,cerkev
Sveta Katarina na Homu,cerkev
Sveta Marjeta na Boču,cerkev
Sveta Marjeta pod Stolom,cerkev
Sveta Mati Božja na Čreti,cerkev
Sveta peč / Helige Wand,vrh
Svete Višarje / Monte Lussari,vrh
Svete Višarje / Monte Lussari,koča
Svete Višarje / Monte Lussari,cerkev
Sveti Ahac (Kališe),cerkev
Sveti Donat,cerkev
Sveti Duh pod Olševo,cerkev
Sveti Florjan nad Gornjim Gradom,cerkev
Sveti Jakob v Koprivni,vrh
Sveti Jakob v Koprivni,cerkev
Sveti Janez Krstnik (Ribčev Laz),cerkev
Sveti Janez Krstnik (Ribčev Laz),jezero
Sveti Janez in Pavel (Dobrovlje),sedlo
Sveti Janez in Pavel (Dobrovlje),cerkev
Sveti Janez in Pavel (Dobrovlje),planina
Sveti Jošt na Paškem Kozjaku,cerkev
Sveti Jošt nad Vranskim,cerkev
Sveti Jurij nad Tržičem,vrh
Sveti Jurij nad Tržičem,cerkev
Sveti Križ nad Belimi Vodami,vrh
Sveti Križ nad Belimi Vodami,cerkev
Sveti Lenart (Bača pri Podbrdu),cerkev
Sveti Lenart (Bodešče),cerkev
Sveti Lenart / St. Leonhard,cerkev
Sveti Lenart nad Gornjim Gradom,cerkev
Sveti Lovrenc (Bašelj),cerkev
Sveti Lovrenc nad Zabreznico,vrh
Sveti Lovrenc nad Zabreznico,cerkev
Sveti Mihael na Pečici,cerkev
Sveti Miklavž (Sele),cerkev
Sveti Miklavž na Gori,vrh
Sveti Miklavž na Gori,cerkev
Sveti Nikolaj (Možjanca),cerkev
Sveti Pankracij (Grajski grič),vrh
Sveti Pankracij (Grajski grič),cerkev
Sveti Peter nad Begunjami,cerkev
Sveti Primož in Sveti Peter,koča
Sveti Primož in Sveti Peter,cerkev
Sveti Primož nad Ljubnim,cerkev
Sveti Rok (Sele),cerkev
Sveti Rupert (Završe),vrh
Sveti Rupert (Završe),koča
Sveti Rupert (Završe),cerkev
Sveti Vid (Završe),vrh
Sveti Vid (Završe),cerkev
Sveti Vid pod Jernejevim vrhom,sedlo
Sveti Vid pod Jernejevim vrhom,cerkev
Svinjak,vrh
Svinska planina,planina
Tamarča,vrh
Tegoška planina,planina
Teme,vrh
Teme (Hribarice),vrh
Temnjak,vrh
Tičarjev dom na Vršiču,koča
Tolminska korita,
Tolminski Kuk,vrh
Tolminski Migovec,vrh
Tolsta Košuta - Vzhodni vrh,vrh
Tolsta Košuta - Zahodni vrh,vrh
Tolsti vrh,vrh
Tolsti vrh (Dobrovlje),vrh
Tolsti vrh (Veža),vrh
Tolsti vrh (pri Poljški planini),vrh
Tominčev slap,slap
Tomčeva koča na Poljški planini,koča
Tomčeva koča na Poljški planini,planina
Tonkina koča na Vršiču,koča
Tonovcov grad pri Kobaridu,vrh
Topica/Topitza,vrh
Toplar,vrh
Tosc,vrh
Travnik,vrh
Travnik,vrh
Triglav,vrh
Triglav,bivak
Triglavski dom na Kredarici,vrh
Triglavski dom na Kredarici,koča
Triglavski dom na Kredarici,cerkev
Trupejevo poldne,vrh
Turistična kmetija Trnovc,koča
Turn (nad Bohinjsko Belo),vrh
Turni,vrh
Turni (pri Kozjem vrhu),vrh
Turska gora,vrh
Turška jama v Gozdašnici,
Uršlja gora (Plešivec),vrh
Uršlja gora (Plešivec),koča
Uršlja gora (Plešivec),cerkev
V Boštkú,
Vajnež,vrh
Valvasorjev dom pod Stolom,koča
Vaško,vrh
Velika (Koroška) Baba,vrh
Velika Baba,vrh
Velika Baba (Kanin),vrh
Velika Bavha / Monte Robon,vrh
Velika Boncla,vrh
Velika Martuljška Ponca,vrh
Velika Mojstrovka,vrh
Velika Montura,vrh
Velika Poljana,sedlo
Velika Poljana,koča
Velika Poljana,planina
Velika Raduha,vrh
Velika Tičarica,vrh
Velika Zelenica,vrh
Velika Zelnarica,vrh
Velika glava,vrh
Velika korita Soče,
Velika Črnelska špica,vrh
Veliki Babanski Skedenj,vrh
Veliki Draški vrh,vrh
Veliki Javornik (Ženiklovec),vrh
Veliki Karman / Monte Chiampon,
Veliki Lemež,vrh
Veliki Mošenik / Große Muschenig,vrh
Veliki Nabojs / Monte Nabois grande,vrh
Veliki Oltar,vrh
Veliki Ozebnik,vrh
Veliki Pršivec,vrh
Veliki Rob / Großer Rain,vrh
Veliki Rogatec (Veliki Rogac),vrh
Veliki Selišnik,vrh
Veliki Travnik,vrh
Veliki Zvoh,vrh
Veliki Zvoh,jezero
Veliki slap Kozjak,jezero
Veliki slap Kozjak,slap
Veliki vrh,vrh
Veliki vrh (Košuta),vrh
Veliki vrh (Polovnik),
Veliki vrh (Veža),vrh
Veliki vrh (nad Mežiško dolino),vrh
Veliki vrh nad Komatevro,vrh
Veliki vrh nad Matkovim kotom,vrh
Veliki vrh nad Završnikom,vrh
Veliki Šmohor,vrh
Veliko Kladivo,vrh
Veliko Špičje,vrh
Velo polje,planina
Vernar,vrh
Veronjak / Hausberg,vrh
Vetrh vrh,vrh
Vevnica,vrh
Veška kopa/Wackendorfer Spitze,vrh
Veška planina / Wackendorfer Alm,koča
Veška planina / Wackendorfer Alm,cerkev
Veška planina / Wackendorfer Alm,planina
Vežica,vrh
Vgrizeva planina / Ogrisalm,planina
Vinska gora,vrh
Vinski vrh (Vimperk),vrh
Vinski vrh (Vimperk),cerkev
Virnikov Grintovec,vrh
Visoka Bavha,vrh
Visoka Bela Špica / Cima Alta di Riobianco,vrh
Visoka Bela Špica / Cima Alta di Riobianco,bivak
Visoka Ponca,vrh
Visoka Vrbanova špica,vrh
Visoka glava,vrh
Visoka glava (na Matajurju),vrh
Visoka peč,vrh
Visoki Kanin,vrh
Visoki Mavrinc,vrh
Visoki Orlov rob,vrh
Visoki Rokav,vrh
Visoki vrh,vrh
Visoki vrh nad Jezerskim,vrh
Visoko,vrh
Vivodnik,vrh
Viš/Jof Fuart,vrh
Višarska planina / Malga di Lussari,planina
Viševnik,vrh
Viška planina,planina
Vodnikov Vršac (Vršac nad Zadnjico),vrh
Vodnikov dom na Velem polju,koča
Vodnikov dom na Velem polju,bivak
Vodnikov razglednik,vrh
Vodotočno jezero (Veža),planina
Vodotočno jezero (Veža),jezero
Vogel,vrh
Vogel (nad Lepeno),vrh
Volinjak,vrh
Votlina Kralja Matjaža,
Vovar,vrh
Vošca,vrh
Vošni vrh,vrh
Vrata,vrh
Vratca,vrh
Vrh Bače,sedlo
Vrh Brda / Cima Verde,vrh
Vrh Dlani,vrh
Vrh Grubje,vrh
Vrh Hribaric,vrh
Vrh Korena,vrh
Vrh Krnega dola / Monte Cregnedul,vrh
Vrh Krnic,vrh
Vrh Krnice,vrh
Vrh Leh,vrh
Vrh Ljubeljščice (Triangel),vrh
Vrh Osojnic,vrh
Vrh Ovčje planje,vrh
Vrh Planje,vrh
Vrh Planje (nad Globokim),vrh
Vrh Razora,vrh
Vrh Snežne konte,vrh
Vrh nad Peski,vrh
Vrh nad Vodeno Rupo,vrh
Vrh nad Škrbino,vrh
Vrh Škrli,vrh
Vrhe,vrh
Vrholanov vrh (Ravne pri Šoštanju),vrh
Vrtača,vrh
Vrtaška planina,bivak
Vrtaška planina,planina
Vrtaški vrh,vrh
Vrtec,vrh
Vršaki (Južni vrh),vrh
Vršaki (Srednji vrh),vrh
Vršaki (Vrh za Koritami),vrh
Vršaki (Vzhodni vrh),vrh
Vrše,vrh
Vršič vrh,vrh
Vršiči,vrh
Zabreška planina,planina
Zadnja Mojstrovka,vrh
Zadnja Ponca,vrh
Zadnji Vogel,vrh
Zadnjiški Ozebnik,vrh
Zajmenove peči,vrh
Zajčnik,vrh
Zapečnikova planina,planina
Zasavska koča na Prehodavcih,vrh
Zasavska koča na Prehodavcih,koča
Zasavska koča na Prehodavcih,bivak
Zavetišče na Biba planini,koča
Zavetišče na Biba planini,planina
Zavetišče na Kalu,sedlo
Zavetišče na Kalu,koča
Zavetišče na planini Šija,koča
Zavetišče na planini Šija,planina
Zavetišče pod Ponco,bivak
Zavetišče pod Špičkom,koča
Zavetišče pod Špičkom,bivak
Zavetišče v Gozdu,koča
Zavetišče v Gozdu,cerkev
Zavetišče v Hudičevem borštu,
Zavitar,vrh
Zbelovski grad,
Zelenci,jezero
Zeleni vrh,vrh
Zelenjak,vrh
Zeleno jezero,jezero
Zgornje Kriško jezero,jezero
Zgornje Mangartsko jezero,koča
Zgornje Mangartsko jezero,jezero
Zgornji Goreljek (Pokljuka),koča
Zgornji Goreljek (Pokljuka),cerkev
Zgornji Goreljek (Pokljuka),planina
Zgornji Martuljkov slap,slap
Časov vrh,vrh
Čelo,vrh
Četrt,vrh
Češka koča na Spodnjih Ravneh,koča
Češka koča na Spodnjih Ravneh,bivak
Čisovec,vrh
Čisti vrh,vrh
Čofatijev vrh,vrh
Čopov rovt,planina
Črepič,vrh
Črna gora,vrh
Črna gora,bivak
Črna prst,vrh
Črna prst,koča
Črna prst,bivak
Črni vrh / Colrotondo,vrh
Črno jezero,jezero
Črnuški dom na Mali planini,koča
Črnuški dom na Mali planini,planina
Čukla,vrh
Šavnik,vrh
Šentanski vrh,vrh
Šenturška Gora,vrh
Šenturška Gora,koča
Šenturška Gora,cerkev
Šija,vrh
Široka peč,vrh
Šitna glava,vrh
Škednjovec,vrh
Škraplja,vrh
Škrbina,sedlo
Škrbina (Mežakla),vrh
Škrbina (Slaparjeva gora),vrh
Škrlatica,vrh
Šmarjetna glava,vrh
Šober / Monte Sciober Grande,vrh
Šobčev bajer,jezero
Šoparjev vrh,vrh
Šoštanj,
Španov vrh,vrh
Špic,vrh
Špicasti  vrh (Kislica),vrh
Špik,vrh
Špik (Paški Kozjak),vrh
Špik Hude police / Cima di Terrarossa,vrh
Špik nad Nosom / Foronon del Buinz,vrh
Špik nad Nosom / Foronon del Buinz,bivak
Špik nad Planjo / Punta Plagnis,vrh
Špičasti vrh / Spitzberg,vrh
Šplevta,
Šplevta (Indijanec),vrh
Štajerska Rinka,vrh
Štalekarjev vrh,vrh
Štefanja gora,vrh
Štefanja gora,cerkev
Štruca,vrh
Štrukljev vrh,vrh
Šumahov vrh,vrh
Žabiški Kuk,vrh
Železna (Kisla) voda,
Žerjavec (Kavče),vrh
Žerjavov Praprotnik / Loibler Prapotnik,vrh
Žingarica / Singerberg,vrh
Žirovniška planina,planina
Žičnica čez Tolminko,
Žleb (Suho ruševje),sedlo
Žmitkov špic,vrh
Žrd / Sart,vrh
